party,reaction_rate_pct
SP,1.349170929314429
Grüne,0.7939566792569183
GLP,0.37527593818984545
Mitte,1.4918241664897005
FDP,1.5466790524849048
SVP,1.7926126736699424
