birth_decade,share_emotion_pct
1930,21.03513770180437
1940,15.912904678099293
1950,17.77221526908636
1960,18.91571459366243
1970,19.656336299478365
1980,25.73987113683521
1990,31.630648330058943
