LanguageOfText,share_emotion_pct
DE,18.943470392962862
FR,17.922691436049668
IT,27.984838913455462
