age_group,share_emotion_pct
<30,28.207109737248842
30-44,21.404913055478886
45-59,17.57388933639011
60+,19.100968188105117
