birth_decade,share_emotion_pct
1930,7.688588007736944
1940,7.632817753866846
1950,10.379417443129354
1960,8.738335925349922
1970,7.977815699658702
1980,12.83851554663992
