party,reaction_rate_pct
SP,2.0579002441576564
Grüne,1.2770137524557956
GLP,0.35211267605633806
Mitte,2.686104880914237
FDP,2.849040427356064
SVP,3.109435994077265
