age_group,share_emotion_pct
<30,
30-44,10.245901639344263
45-59,9.435330026707364
60+,8.859717868338558
