LanguageOfText,share_emotion_pct
DE,7.871980234260614
FR,13.983163491360212
IT,23.964497041420117
